{
  "big": {
    "alphabet": "9", 
    "character_sampler": {
      "count_matrix": {
        "hi": [
          0.0
        ], 
        "low": [
          0.0
        ], 
        "none": [
          0.0
        ], 
        "normal": [
          0.0
        ], 
        "unknown": [
          0.0
        ]
      }, 
      "feature_sampling_count": 0, 
      "invert_prob": 0.0, 
      "max_delta_contrast": 0.5, 
      "max_delta_intensity": 0.1, 
      "max_delta_x": 1, 
      "max_delta_y": 1, 
      "sigma_contrast": 0.4, 
      "sigma_intensity": 0.02, 
      "sigma_x": 2.5, 
      "sigma_y": 1.0
    }, 
    "feature_extractor": {
      "settings": {
        "grid_size_x": 17, 
        "grid_size_y": 17, 
        "presmoothing_sigma_x": 0.5, 
        "presmoothing_sigma_y": 0.7, 
        "subtract_median": 9
      }, 
      "type": "GreyValue"
    }, 
    "garbage_sampler": {
      "count_by_quality": {
        "hi": 1, 
        "low": 1, 
        "none": 0, 
        "normal": 1, 
        "unknown": 1
      }, 
      "feature_sampling_count": 0, 
      "invert_prob": 0.2, 
      "max_delta_contrast": 4, 
      "max_delta_intensity": 1, 
      "max_delta_x": 30, 
      "max_delta_y": 10, 
      "shift_y": 29, 
      "sigma_contrast": 1.5, 
      "sigma_intensity": 0.2, 
      "sigma_x": 10.0, 
      "sigma_y": 3.0
    }
  }, 
  "random_seed": 7, 
  "small": {
    "alphabet": "ABCDEFGHIJKLMNOPQRSTUVWXYZ. ", 
    "character_sampler": {
      "count_matrix": {
        "hi": [
          8.993126022913257, 
          45.79, 
          31.271219512195124, 
          28.768586387434553, 
          8.4, 
          74.83190661478599, 
          26.63684210526316, 
          20.372669491525425, 
          11.669781553398058, 
          77.5475806451613, 
          36.49297912713473, 
          14.788004613610152, 
          17.741512915129153, 
          11.213877551020408, 
          15.94015748031496, 
          53.57047353760446, 
          312.7121951219512, 
          11.091003460207611, 
          19.908695652173915, 
          19.01314878892734, 
          23.920149253731346, 
          79.96590436590438, 
          76.16554455445545, 
          315.2754098360656, 
          61.93816425120773, 
          104.52065217391305, 
          146.80763358778628, 
          1.64
        ], 
        "low": [
          2.2482815057283143, 
          11.4475, 
          7.817804878048781, 
          7.192146596858638, 
          2.1, 
          18.707976653696498, 
          6.65921052631579, 
          5.093167372881356, 
          2.9174453883495146, 
          19.386895161290326, 
          9.123244781783683, 
          3.697001153402538, 
          4.435378228782288, 
          2.803469387755102, 
          3.98503937007874, 
          13.392618384401114, 
          78.1780487804878, 
          2.772750865051903, 
          4.977173913043479, 
          4.753287197231835, 
          5.980037313432836, 
          19.991476091476095, 
          19.041386138613863, 
          78.8188524590164, 
          15.484541062801933, 
          26.130163043478262, 
          36.70190839694657, 
          0.41
        ], 
        "none": [
          0.0, 
          0.0, 
          0.0, 
          0.0, 
          0.0, 
          0.0, 
          0.0, 
          0.0, 
          0.0, 
          0.0, 
          0.0, 
          0.0, 
          0.0, 
          0.0, 
          0.0, 
          0.0, 
          0.0, 
          0.0, 
          0.0, 
          0.0, 
          0.0, 
          0.0, 
          0.0, 
          0.0, 
          0.0, 
          0.0, 
          0.0, 
          0.0
        ], 
        "normal": [
          4.496563011456629, 
          22.895, 
          15.635609756097562, 
          14.384293193717276, 
          4.2, 
          37.415953307392996, 
          13.31842105263158, 
          10.186334745762712, 
          5.834890776699029, 
          38.77379032258065, 
          18.246489563567366, 
          7.394002306805076, 
          8.870756457564577, 
          5.606938775510204, 
          7.97007874015748, 
          26.78523676880223, 
          156.3560975609756, 
          5.545501730103806, 
          9.954347826086957, 
          9.50657439446367, 
          11.960074626865673, 
          39.98295218295219, 
          38.082772277227726, 
          157.6377049180328, 
          30.969082125603865, 
          52.260326086956525, 
          73.40381679389314, 
          0.82
        ], 
        "unknown": [
          0.0, 
          0.0, 
          0.0, 
          0.0, 
          0.0, 
          0.0, 
          0.0, 
          0.0, 
          0.0, 
          0.0, 
          0.0, 
          0.0, 
          0.0, 
          0.0, 
          0.0, 
          0.0, 
          0.0, 
          0.0, 
          0.0, 
          0.0, 
          0.0, 
          0.0, 
          0.0, 
          0.0, 
          0.0, 
          0.0, 
          0.0, 
          0.0
        ]
      }, 
      "feature_sampling_count": 3, 
      "invert_prob": 0.0, 
      "max_delta_contrast": 0.4, 
      "max_delta_intensity": 0.1, 
      "max_delta_x": 2, 
      "max_delta_y": 2, 
      "sigma_contrast": 0.1, 
      "sigma_intensity": 0.1, 
      "sigma_x": 3.0, 
      "sigma_y": 2.0
    }, 
    "feature_extractor": {
      "settings": {
        "grid_size_x": 17, 
        "grid_size_y": 17, 
        "mapping_mode": "scale", 
        "presmoothing_sigma_x": 0.0, 
        "presmoothing_sigma_y": 0.0, 
        "subtract_median": 2
      }, 
      "type": "ColorValue"
    }, 
    "feature_vectorization": "deinterleaved", 
    "garbage_sampler": {
      "count_by_quality": {
        "hi": 1, 
        "low": 1, 
        "none": 0, 
        "normal": 1, 
        "unknown": 1
      }, 
      "feature_sampling_count": 0, 
      "invert_prob": 0.2, 
      "max_delta_contrast": 4, 
      "max_delta_intensity": 1, 
      "max_delta_x": 20, 
      "max_delta_y": 7, 
      "shift_y": 22, 
      "sigma_contrast": 1.5, 
      "sigma_intensity": 0.2, 
      "sigma_x": 6.0, 
      "sigma_y": 1.5
    }
  }
}