{
  "big": {
    "alphabet": "9", 
    "character_sampler": {
      "count_matrix": {
        "hi": [
          0.0
        ], 
        "low": [
          0.0
        ], 
        "none": [
          0.0
        ], 
        "normal": [
          0.0
        ], 
        "unknown": [
          0.0
        ]
      }, 
      "feature_sampling_count": 0, 
      "invert_prob": 0.0, 
      "max_delta_contrast": 0.5, 
      "max_delta_intensity": 0.1, 
      "max_delta_x": 1, 
      "max_delta_y": 1, 
      "sigma_contrast": 0.4, 
      "sigma_intensity": 0.02, 
      "sigma_x": 2.5, 
      "sigma_y": 1.0
    }, 
    "feature_extractor": {
      "settings": {
        "grid_size_x": 17, 
        "grid_size_y": 17, 
        "presmoothing_sigma_x": 0.5, 
        "presmoothing_sigma_y": 0.7, 
        "subtract_median": 2
      }, 
      "type": "GreyValue"
    }, 
    "garbage_sampler": {
      "count_by_quality": {
        "hi": 1, 
        "low": 1, 
        "none": 0, 
        "normal": 1, 
        "unknown": 1
      }, 
      "feature_sampling_count": 0, 
      "invert_prob": 0.2, 
      "max_delta_contrast": 4, 
      "max_delta_intensity": 1, 
      "max_delta_x": 30, 
      "max_delta_y": 10, 
      "shift_y": 29, 
      "sigma_contrast": 1.5, 
      "sigma_intensity": 0.2, 
      "sigma_x": 10.0, 
      "sigma_y": 3.0
    }
  }, 
  "random_seed": 7, 
  "small": {
    "alphabet": "ABCDEFGHIJKLMNOPQRSTUVWXYZ. ", 
    "character_sampler": {
      "count_matrix": {
        "hi": [
          8.6, 
          62.9833464257659, 
          46.86019871420222, 
          35.28952464788732, 
          10.597118688871266, 
          174.2995652173913, 
          39.968993020937184, 
          26.382954919381373, 
          15.254528158295281, 
          239.33671641791045, 
          30.17606322920587, 
          17.91682681564246, 
          29.09208998548621, 
          18.135670662745984, 
          21.805221648082675, 
          45.97350917431193, 
          200, 
          14.190761061946903, 
          16.273147960219198, 
          16.66898128898129, 
          31.124922360248448, 
          67.71773648648649, 
          113.72737588652481, 
          170.9547974413646, 
          44.69219620958751, 
          366.10867579908677, 
          92.58406466512702, 
          1.12
        ], 
        "low": [
          2.15, 
          15.745836606441475, 
          11.715049678550555, 
          8.82238116197183, 
          2.6492796722178165, 
          43.57489130434782, 
          9.992248255234296, 
          6.595738729845343, 
          3.8136320395738204, 
          59.83417910447761, 
          7.544015807301467, 
          4.479206703910615, 
          7.273022496371553, 
          4.533917665686496, 
          5.451305412020669, 
          11.493377293577982, 
          200, 
          3.5476902654867257, 
          4.0682869900547995, 
          4.167245322245322, 
          7.781230590062112, 
          16.92943412162162, 
          28.431843971631203, 
          42.73869936034115, 
          11.173049052396877, 
          91.52716894977169, 
          23.146016166281754, 
          0.28
        ], 
        "none": [
          0.0, 
          0.0, 
          0.0, 
          0.0, 
          0.0, 
          0.0, 
          0.0, 
          0.0, 
          0.0, 
          0.0, 
          0.0, 
          0.0, 
          0.0, 
          0.0, 
          0.0, 
          0.0, 
          0.0, 
          0.0, 
          0.0, 
          0.0, 
          0.0, 
          0.0, 
          0.0, 
          0.0, 
          0.0, 
          0.0, 
          0.0, 
          0.0
        ], 
        "normal": [
          4.3, 
          31.49167321288295, 
          23.43009935710111, 
          17.64476232394366, 
          5.298559344435633, 
          87.14978260869565, 
          19.984496510468592, 
          13.191477459690686, 
          7.627264079147641, 
          119.66835820895523, 
          15.088031614602935, 
          8.95841340782123, 
          14.546044992743106, 
          9.067835331372992, 
          10.902610824041338, 
          22.986754587155964, 
          200, 
          7.0953805309734514, 
          8.136573980109599, 
          8.334490644490645, 
          15.562461180124224, 
          33.85886824324324, 
          56.863687943262406, 
          85.4773987206823, 
          22.346098104793754, 
          183.05433789954338, 
          46.29203233256351, 
          0.56
        ], 
        "unknown": [
          0.0, 
          0.0, 
          0.0, 
          0.0, 
          0.0, 
          0.0, 
          0.0, 
          0.0, 
          0.0, 
          0.0, 
          0.0, 
          0.0, 
          0.0, 
          0.0, 
          0.0, 
          0.0, 
          0.0, 
          0.0, 
          0.0, 
          0.0, 
          0.0, 
          0.0, 
          0.0, 
          0.0, 
          0.0, 
          0.0, 
          0.0, 
          0.0
        ]
      }, 
      "feature_sampling_count": 3, 
      "invert_prob": 0.0, 
      "max_delta_contrast": 0.4, 
      "max_delta_intensity": 0.1, 
      "max_delta_x": 2, 
      "max_delta_y": 2, 
      "sigma_contrast": 0.1, 
      "sigma_intensity": 0.1, 
      "sigma_x": 3.0, 
      "sigma_y": 2.0
    }, 
    "feature_extractor": {
      "settings": {
        "grid_size_x": 17, 
        "grid_size_y": 17, 
        "mapping_mode": "scale", 
        "presmoothing_sigma_x": 0.0, 
        "presmoothing_sigma_y": 0.0, 
        "subtract_median": 2
      }, 
      "type": "ColorValue"
    }, 
    "feature_vectorization": "deinterleaved", 
    "garbage_sampler": {
      "count_by_quality": {
        "hi": 1, 
        "low": 1, 
        "none": 0, 
        "normal": 1, 
        "unknown": 1
      }, 
      "feature_sampling_count": 0, 
      "invert_prob": 0.2, 
      "max_delta_contrast": 4, 
      "max_delta_intensity": 1, 
      "max_delta_x": 20, 
      "max_delta_y": 7, 
      "shift_y": 22, 
      "sigma_contrast": 1.5, 
      "sigma_intensity": 0.2, 
      "sigma_x": 6.0, 
      "sigma_y": 1.5
    }
  }
}