{
  "big": {
    "alphabet": " 0123456789", 
    "character_sampler": {
      "count_matrix": {
        "hi": [
          4.0, 
          7.577234881682735, 
          10.396452594791628, 
          10.559138964161674, 
          13.466705607476635, 
          12.204331907009573, 
          12.181762141693453, 
          13.572409733124019, 
          19.151322165305274, 
          13.192503934004101, 
          19.579617834394906
        ], 
        "low": [
          1.0, 
          1.8943087204206837, 
          2.599113148697907, 
          2.6397847410404185, 
          3.366676401869159, 
          3.0510829767523933, 
          3.045440535423363, 
          3.3931024332810047, 
          4.7878305413263185, 
          3.2981259835010253, 
          4.8949044585987265
        ], 
        "none": [
          0.0, 
          0.0, 
          0.0, 
          0.0, 
          0.0, 
          0.0, 
          0.0, 
          0.0, 
          0.0, 
          0.0, 
          0.0
        ], 
        "normal": [
          2.0, 
          3.7886174408413673, 
          5.198226297395814, 
          5.279569482080837, 
          6.733352803738318, 
          6.1021659535047865, 
          6.090881070846726, 
          6.786204866562009, 
          9.575661082652637, 
          6.5962519670020505, 
          9.789808917197453
        ], 
        "unknown": [
          0.0, 
          0.0, 
          0.0, 
          0.0, 
          0.0, 
          0.0, 
          0.0, 
          0.0, 
          0.0, 
          0.0, 
          0.0
        ]
      }, 
      "feature_sampling_count": 0, 
      "invert_prob": 0.2, 
      "max_delta_contrast": 4, 
      "max_delta_intensity": 1, 
      "max_delta_x": 6, 
      "max_delta_y": 4, 
      "sigma_contrast": 1.5, 
      "sigma_intensity": 0.2, 
      "sigma_x": 2.5, 
      "sigma_y": 1.0
    }, 
    "feature_extractor": {
      "settings": {
        "grid_size_x": 5, 
        "grid_size_y": 7, 
        "presmoothing_sigma_x": 1.0, 
        "presmoothing_sigma_y": 1.0, 
        "structure_tensor_sigma_x": 5.0, 
        "structure_tensor_sigma_y": 5.0
      }, 
      "type": "ShadowStructureTensor"
    }, 
    "garbage_sampler": {
      "count_by_quality": {
        "hi": 1, 
        "low": 1, 
        "none": 0, 
        "normal": 1, 
        "unknown": 1
      }, 
      "feature_sampling_count": 0, 
      "invert_prob": 0.2, 
      "max_delta_contrast": 4, 
      "max_delta_intensity": 1, 
      "max_delta_x": 30, 
      "max_delta_y": 10, 
      "shift_y": 29, 
      "sigma_contrast": 1.5, 
      "sigma_intensity": 0.2, 
      "sigma_x": 10.0, 
      "sigma_y": 3.0
    }, 
    "transformations": {
      " ": {
        "horizontal_flip": " ", 
        "rotation_180": " ", 
        "vertical_flip": " "
      }, 
      "0": {
        "horizontal_flip": "0", 
        "rotation_180": "0", 
        "vertical_flip": "0"
      }, 
      "1": {
        "horizontal_flip": "1"
      }, 
      "2": {
        "horizontal_flip": "5", 
        "vertical_flip": "5"
      }, 
      "3": {
        "vertical_flip": "3"
      }, 
      "5": {
        "horizontal_flip": "2", 
        "vertical_flip": "2"
      }, 
      "6": {
        "rotation_180": "9"
      }, 
      "8": {
        "horizontal_flip": "8", 
        "rotation_180": "8", 
        "vertical_flip": "8"
      }, 
      "9": {
        "rotation_180": "6"
      }
    }
  }, 
  "random_seed": 100, 
  "small": {
    "alphabet": " /-0123456789", 
    "character_sampler": {
      "count_matrix": {
        "hi": [
          4.0, 
          10.727865624807729, 
          55.599489795918366, 
          8.032431934399042, 
          7.3119181414073635, 
          23.699877667527524, 
          35.79552453295011, 
          21.659627329192546, 
          34.733067729083665, 
          55.282181357006976, 
          55.99229287090559, 
          71.96037969459348, 
          36.614867702645945
        ], 
        "low": [
          1.0, 
          2.681966406201932, 
          13.899872448979592, 
          2.0081079835997606, 
          1.8279795353518409, 
          5.924969416881881, 
          8.948881133237528, 
          5.414906832298136, 
          8.683266932270916, 
          13.820545339251744, 
          13.998073217726397, 
          17.99009492364837, 
          9.153716925661486
        ], 
        "none": [
          0.0, 
          0.0, 
          0.0, 
          0.0, 
          0.0, 
          0.0, 
          0.0, 
          0.0, 
          0.0, 
          0.0, 
          0.0, 
          0.0, 
          0.0
        ], 
        "normal": [
          2.0, 
          5.363932812403864, 
          27.799744897959183, 
          4.016215967199521, 
          3.6559590707036818, 
          11.849938833763762, 
          17.897762266475056, 
          10.829813664596273, 
          17.366533864541832, 
          27.641090678503488, 
          27.996146435452793, 
          35.98018984729674, 
          18.307433851322973
        ], 
        "unknown": [
          0.0, 
          0.0, 
          0.0, 
          0.0, 
          0.0, 
          0.0, 
          0.0, 
          0.0, 
          0.0, 
          0.0, 
          0.0, 
          0.0, 
          0.0
        ]
      }, 
      "feature_sampling_count": 0, 
      "invert_prob": 0.2, 
      "max_delta_contrast": 4, 
      "max_delta_intensity": 1, 
      "max_delta_x": 4, 
      "max_delta_y": 4, 
      "sigma_contrast": 1.5, 
      "sigma_intensity": 0.2, 
      "sigma_x": 1.2, 
      "sigma_y": 1.2
    }, 
    "feature_extractor": {
      "settings": {
        "grid_size_x": 5, 
        "grid_size_y": 7, 
        "presmoothing_sigma_x": 1.0, 
        "presmoothing_sigma_y": 1.0, 
        "structure_tensor_sigma_x": 5.0, 
        "structure_tensor_sigma_y": 5.0
      }, 
      "type": "ShadowStructureTensor"
    }, 
    "garbage_sampler": {
      "count_by_quality": {
        "hi": 1, 
        "low": 1, 
        "none": 0, 
        "normal": 1, 
        "unknown": 1
      }, 
      "feature_sampling_count": 0, 
      "invert_prob": 0.2, 
      "max_delta_contrast": 4, 
      "max_delta_intensity": 1, 
      "max_delta_x": 20, 
      "max_delta_y": 7, 
      "shift_y": 22, 
      "sigma_contrast": 1.5, 
      "sigma_intensity": 0.2, 
      "sigma_x": 6.0, 
      "sigma_y": 1.5
    }
  }
}